,交易时间,区块高度,发送方,接受方,币种,时价,转账量,价值
0,2022-03-24 17:27:41,14448148,0x4d54e9a206dec24352a5c2440a5bdc7af3150798,0x1671a3e4a2519a653e66e827ef6eae690ee86729,ETH,3048,99.981975640000000006,304745.06175072
1,2022-03-24 17:27:24,14448146,0x3ecef08d0e2dad803847e052249bb4f8bff2d5bb,0x417b055b8fcd1ab9a7fb199e0fb610a5e1ce5e90,ETH,3048,72.980702020000000002,222445.17975696
2,2022-03-24 17:27:24,14448146,0x267be1c1d684f78cb4f6a176c4911b741e4ffdc0,0x0e94af7a715274345bccf9996f98f145d3ca1499,ETH,3048,52.000000000000000000,158496.0
3,2022-03-24 17:27:24,14448146,0x21a31ee1afc51d94c2efccaa2092ad1028285549,0xdac17f958d2ee523a2206206994597c13d831ec7,USDT,1.000000000000,17699990.000000000000000000,17699990.0
4,2022-03-24 17:27:06,14448145,0xc036301dd38c5d5de7e64bb56f70a0cc7e216013,0xdac17f958d2ee523a2206206994597c13d831ec7,USDT,1.000000000000,105200.000000000000000000,105200.0
5,2022-03-24 17:27:06,14448145,0xc098b2a3aa256d2140208c3de6543aaef5cd3a94,0xaef19809b89da9a15a47db4fdbc5dd235d16c7a3,ETH,3048,100.998884859999984266,307844.60105327994
6,2022-03-24 17:26:51,14448144,0x46705dfff24256421a05d056c29e81bdc09723b8,0xdac17f958d2ee523a2206206994597c13d831ec7,USDT,1.000000000000,158461.000000000000000000,158461.0
7,2022-03-24 17:26:42,14448143,0x89e51fa8ca5d66cd220baed62ed01e8951aa7c40,0xdac17f958d2ee523a2206206994597c13d831ec7,USDT,1.000000000000,512796.160000000000000000,512796.16
8,2022-03-24 17:26:26,14448142,0xb5d85cbf7cb3ee0d56b3bb207d5fc4b82f43f511,0xa294cca691e4c83b1fc0c8d63d9a3eef0a196de1,ETH,3048,54.244265000000000004,165336.51971999998
9,2022-03-24 17:26:13,14448139,0x41fb81197275db2105a839fce23858dabf86c73c,0xc098b2a3aa256d2140208c3de6543aaef5cd3a94,ETH,3048,63.997934545000000040,195065.70449316
10,2022-03-24 17:25:30,14448136,0x53fc6b55fdd9ec8dca5084b7a18fdf101d9ceeca,0xdac17f958d2ee523a2206206994597c13d831ec7,USDT,1.000000000000,130732.000000000000000000,130732.0
11,2022-03-24 17:25:30,14448136,0x28c6c06298d514db089934071355e5743bf21d60,0xdac17f958d2ee523a2206206994597c13d831ec7,USDT,1.000000000000,536991.066365000000000000,536991.066365
12,2022-03-24 17:25:27,14448135,0x2faf487a4414fe77e2327f0bf4ae2a264a776ad2,0xdac17f958d2ee523a2206206994597c13d831ec7,USDT,1.000000000000,1000000.000000000000000000,1000000.0
13,2022-03-24 17:25:27,14448135,0xcad621da75a66c7a8f4ff86d30a2bf981bfc8fdd,0xaef28fa72f79353b2b04dce8faa727cd04812623,ETH,3048,54.114019209999992686,164939.53055208
14,2022-03-24 17:25:10,14448133,0x848d4a9beb3b51a13aee39c4d0b590dcc867a2ae,0x5629d0f06a984dab5f062aa8bb0eab75b94e7bf6,ETH,3048,380.000000000000000000,1158240.0
15,2022-03-24 17:25:10,14448133,0x876eabf441b2ee5b5b0554fd502a8e0600950cfa,0x41fb81197275db2105a839fce23858dabf86c73c,ETH,3048,63.999118000000000000,195069.311664
16,2022-03-24 17:24:52,14448131,0x9696f59e4d72e237be84ffd425dcad154bf96976,0xa2e2e6d69af84d72fe5edd0c3564e8ef196ff67a,ETH,3048,599.998000000000268426,1828793.9040000008
17,2022-03-24 17:24:46,14448130,0x75e89d5979e4f6fba9f97c104c2f0afb3f1dcb88,0x17613966b0ec91023caeae0664d528191d970893,ETH,3048,70.052660820000000002,213520.51017936
18,2022-03-24 17:24:36,14448128,0x51c35815d0a79b901d5254ae23ecb5bc7fc83eba,0x2202cc69c407341613d6b01591ebcf9a0105d33e,ETH,3048,53.565094640000000000,163266.40846272
19,2022-03-24 17:24:36,14448128,0x51c35815d0a79b901d5254ae23ecb5bc7fc83eba,0xafe3d43461f5ff430b0a7dd121185110309c74ef,ETH,3048,99.500000000000000000,303276.0
20,2022-03-24 17:24:19,14448127,0x3a6e9baf47f9e5d525ce9dac9bd5849a285df680,0x7a250d5630b4cf539739df2c5dacb4c659f2488d,ETH,3048,50.000000000000000000,152400.0
21,2022-03-24 17:23:56,14448126,0xdc181698869064f52c189ecd3023c6c3db3ec9a8,0xf7ee936eddb9b9c384bd49363ade003232dda55f,ETH,3048,50.011597876653306260,152435.35032803926
22,2022-03-24 17:23:19,14448124,0xeb2629a2734e272bcc07bda959863f316f4bd4cf,0xe5782724e87bcd5a1f48737ff6cfeaf875ab5873,ETH,3048,149.299265000000000004,455064.15972
23,2022-03-24 17:22:41,14448119,0x0d0707963952f2fba59dd06f2b425ace40b492fe,0xdac17f958d2ee523a2206206994597c13d831ec7,USDT,1.000000000000,1499945.000000000000000000,1499945.0
24,2022-03-24 17:22:25,14448118,0xb59627c31d1e8a3e0afdce1351e9efeef3fde510,0xdac17f958d2ee523a2206206994597c13d831ec7,USDT,1.000000000000,112918.000000000000000000,112918.0
25,2022-03-24 17:22:25,14448118,0x21a31ee1afc51d94c2efccaa2092ad1028285549,0xa0869d9fd81553375eb04921f420a3684b0a9c31,ETH,3048,162.998000000000000000,496817.904
26,2022-03-24 17:22:22,14448117,0x2f10e2358594fd72c7d9e2eea137ef1222c03bd5,0xdac17f958d2ee523a2206206994597c13d831ec7,USDT,1.000000000000,2999900.000000000000000000,2999900.0
27,2022-03-24 17:22:22,14448117,0xafe3030a1459c05e25a8cd5abbc639f412883cb5,0xdac17f958d2ee523a2206206994597c13d831ec7,USDT,1.000000000000,190000.000000000000000000,190000.0
28,2022-03-24 17:22:22,14448117,0x7bf8bf27e3f300fece90eb785e4f09aba827edde,0x6dce702210bab86f8b344c04e7c56e9560dffc5e,ETH,3048,33.000000000000000000,100584.0
29,2022-03-24 17:22:19,14448116,0x70e1b384fe335222529f5e685b371ff2e658cbd7,0xefbed590d9b6ee0f341a291bbf3e45ce0f4a4dc6,ETH,3048,3000.000000000000000000,9144000.0
30,2022-03-24 17:22:19,14448116,0xc72e5c83f8dafb6e79e628c403ef8ef9474acfdc,0xdac17f958d2ee523a2206206994597c13d831ec7,USDT,1.000000000000,310000.000000000000000000,310000.0
31,2022-03-24 17:22:01,14448113,0x47d055e13d5b3cd4beaac2120e6bcf0317872c5c,0xae38e358f871aae431a74c82e53fe81e0a13deb9,ETH,3048,2751.900000000000000002,8387791.2
32,2022-03-24 17:21:41,14448112,0x189b9cbd4aff470af2c0102f365fc1823d857965,0x07a5601921806c07a7688018638e180375250dae,ETH,3048,150.000000000000000000,457200.0
33,2022-03-24 17:21:41,14448112,0x292f04a44506c2fd49bac032e1ca148c35a478c8,0xdac17f958d2ee523a2206206994597c13d831ec7,USDT,1.000000000000,1000000.000000000000000000,1000000.0
34,2022-03-24 17:21:41,14448112,0x56eddb7aa87536c09ccc2793473599fd21a8b17f,0xdac17f958d2ee523a2206206994597c13d831ec7,USDT,1.000000000000,799990.000000000000000000,799990.0
35,2022-03-24 17:20:57,14448107,0xddfabcdc4d8ffc6d5beaf154f18b778f892a0740,0xa294cca691e4c83b1fc0c8d63d9a3eef0a196de1,ETH,3048,49.891565000000000004,152069.49012
36,2022-03-24 17:20:31,14448106,0x28c6c06298d514db089934071355e5743bf21d60,0xdac17f958d2ee523a2206206994597c13d831ec7,USDT,1.000000000000,29180981.729885000000000000,29180981.729885
37,2022-03-24 17:20:31,14448106,0x59f9570d45abdf6b798718df37e28da58b6c4801,0xdac17f958d2ee523a2206206994597c13d831ec7,USDT,1.000000000000,208369.570000000000000000,208369.57
38,2022-03-24 17:20:31,14448106,0x56eddb7aa87536c09ccc2793473599fd21a8b17f,0xdac17f958d2ee523a2206206994597c13d831ec7,USDT,1.000000000000,17699990.000000000000000000,17699990.0
39,2022-03-24 17:20:31,14448106,0x2faf487a4414fe77e2327f0bf4ae2a264a776ad2,0xdac17f958d2ee523a2206206994597c13d831ec7,USDT,1.000000000000,1101468.790000000000000000,1101468.79
40,2022-03-24 17:20:31,14448106,0x28c6c06298d514db089934071355e5743bf21d60,0x9696f59e4d72e237be84ffd425dcad154bf96976,ETH,3048,16688.883042580000088240,50867715.51378384
41,2022-03-24 17:20:31,14448106,0xc0f12147ec02d773d1b4efcf1aff68776a3668cb,0xdac17f958d2ee523a2206206994597c13d831ec7,USDT,1.000000000000,250000.000000000000000000,250000.0
42,2022-03-24 17:20:12,14448104,0x5770815b0c2a09a43c9e5aecb7e2f3886075b605,0xdac17f958d2ee523a2206206994597c13d831ec7,USDT,1.000000000000,465000.000000000000000000,465000.0
43,2022-03-24 17:20:12,14448104,0xc333e80ef2dec2805f239e3f1e810612d294f771,0xdac17f958d2ee523a2206206994597c13d831ec7,USDT,1.000000000000,1000000.000000000000000000,1000000.0
44,2022-03-24 17:20:04,14448103,0xaad5ae975e15fde11cb508866d836d3a278d34d3,0xdac17f958d2ee523a2206206994597c13d831ec7,USDT,1.000000000000,880169.510000000000000000,880169.51
45,2022-03-24 17:20:04,14448103,0x4271ae9f96c639d695fc4d15df4da9cbeb05143f,0xeb2629a2734e272bcc07bda959863f316f4bd4cf,ETH,3048,38.458887000000018426,117222.68757600005
46,2022-03-24 17:20:04,14448103,0x32d4703e5834f1b474b17dfdb0ac32cc22575145,0x6262998ced04146fa42253a5c0af90ca02dfd2a3,ETH,3048,360.004833503982382828,1097294.7325201384
47,2022-03-24 17:19:23,14448102,0x7f9fac01102da61ef9b2a5ec49512e6277fa0896,0x68b3465833fb72a70ecdf485e0e4c7bd8665fc45,ETH,3048,345.800000000000000000,1053998.4000000001
48,2022-03-24 17:19:23,14448102,0xad895b3b52d0b23161d51204eef6c107032703d6,0xdac17f958d2ee523a2206206994597c13d831ec7,USDT,1.000000000000,280000.000000000000000000,280000.0
49,2022-03-24 17:19:23,14448102,0xf9d8e533dab391bdcf0c77af55deb1e6920135c6,0xdac17f958d2ee523a2206206994597c13d831ec7,USDT,1.000000000000,211500.000000000000000000,211500.0
50,2022-03-24 17:19:09,14448101,0xd16a39729d7923da895ac88e16119f5207cb883b,0xc098b2a3aa256d2140208c3de6543aaef5cd3a94,ETH,3048,45.033598002421736404,137262.40671138145
51,2022-03-24 17:19:09,14448101,0xb14fc1a0dbfebf376fd4f99ae0e47e4cc11fe7fb,0xc098b2a3aa256d2140208c3de6543aaef5cd3a94,ETH,3048,39.286522565000000064,119745.32077811999
52,2022-03-24 17:19:05,14448100,0xde2805e66733deb489470206c8eee14d64309268,0xdac17f958d2ee523a2206206994597c13d831ec7,USDT,1.000000000000,541795.660000000000000000,541795.66
53,2022-03-24 17:19:05,14448100,0x2c7474087fe39bc7d47b5692eaa5489770008d11,0xdac17f958d2ee523a2206206994597c13d831ec7,USDT,1.000000000000,1000000.000000000000000000,1000000.0
54,2022-03-24 17:19:05,14448100,0x2ffb62f07980381f8f2cea8775ea32b882398fde,0xc098b2a3aa256d2140208c3de6543aaef5cd3a94,ETH,3048,229.999392975902966060,701038.1497905522
55,2022-03-24 17:19:05,14448100,0xd0e1a8422d3ea422110076eec96360cd6b162500,0xdac17f958d2ee523a2206206994597c13d831ec7,USDT,1.000000000000,167000.000000000000000000,167000.0
56,2022-03-24 17:19:05,14448100,0x053dd3c758a70e31323bce29991d6487784768b6,0xdac17f958d2ee523a2206206994597c13d831ec7,USDT,1.000000000000,200050.000000000000000000,200050.0
57,2022-03-24 17:19:05,14448100,0x534a0076fb7c2b1f83fa21497429ad7ad3bd7587,0xb47e3cd837ddf8e4c57f05d70ab865de6e193bbb,ETH,3048,81.950000000000000000,249783.6
58,2022-03-24 17:19:05,14448100,0x37db378bce7aa1ac914c75e24571c41ef23603ad,0xdac17f958d2ee523a2206206994597c13d831ec7,USDT,1.000000000000,110000.000000000000000000,110000.0
59,2022-03-24 17:18:37,14448097,0xb87f5110f19a42058908343ee10e5337a2b11187,0x8301ae4fc9c624d1d396cbdaa1ed877821d7c511,ETH,3048,350.000000000000000000,1066800.0
60,2022-03-24 17:18:37,14448097,0x0ecd0598b05b443e19ee32d0b41b77d25b8bee94,0xdac17f958d2ee523a2206206994597c13d831ec7,USDT,1.000000000000,1101468.790000000000000000,1101468.79
61,2022-03-24 17:18:37,14448097,0xce6900a148a38fc06ab7ff863cb3ba9ea784ea2c,0xdac17f958d2ee523a2206206994597c13d831ec7,USDT,1.000000000000,335305.000000000000000000,335305.0
62,2022-03-24 17:18:37,14448097,0x515c475400859e50f15b57adfa8503821fd794b9,0x1111111254fb6c44bac0bed2854e76f90643097d,ETH,3048,66.240000000000000000,201899.52
63,2022-03-24 17:18:27,14448096,0x817864ea6fcfe77477550aba90f2510dd77d7539,0xdac17f958d2ee523a2206206994597c13d831ec7,USDT,1.000000000000,272995.000000000000000000,272995.0
64,2022-03-24 17:18:27,14448096,0xfd762dbea2c99704bdac1c92ad7c0c6fbb61cd8c,0xdac17f958d2ee523a2206206994597c13d831ec7,USDT,1.000000000000,2000000.000000000000000000,2000000.0
65,2022-03-24 17:18:18,14448095,0xa69262ae9ae86f1eebdb63de3d639c37ac4bdb30,0xdac17f958d2ee523a2206206994597c13d831ec7,USDT,1.000000000000,500000.000000000000000000,500000.0
66,2022-03-24 17:18:18,14448095,0x20b185c31472980c74baabf24ba999c61598f055,0x9660a85b4c70fec00071dd2cf28b2220d79ffa28,ETH,3048,872.628846543159466000,2659772.7242635502
67,2022-03-24 17:18:03,14448094,0xba4cd55471ff7254042d88bc2a3ee740def0a5cd,0xb14fc1a0dbfebf376fd4f99ae0e47e4cc11fe7fb,ETH,3048,39.288030890000000006,119749.91815272
68,2022-03-24 17:18:03,14448094,0x1ea88cc38f1a09dc5869df45c4ad5eaef314c034,0xd16a39729d7923da895ac88e16119f5207cb883b,ETH,3048,45.035106327421736446,137267.00408598146
69,2022-03-24 17:18:03,14448094,0x270d6ca14b8e5c76f0d5f231966879e2bd6f9e4b,0x7f9fac01102da61ef9b2a5ec49512e6277fa0896,ETH,3048,143.000000000000000000,435864.0
70,2022-03-24 17:18:03,14448094,0xb2884ae46d0ff750f29a43b6a7ba596b3ce8a827,0xdac17f958d2ee523a2206206994597c13d831ec7,USDT,1.000000000000,396945.000000000000000000,396945.0
71,2022-03-24 17:17:55,14448093,0x3a49bf9ce029ddb89108042cebbb0f567dba9870,0xdac17f958d2ee523a2206206994597c13d831ec7,USDT,1.000000000000,890000.000000000000000000,890000.0
72,2022-03-24 17:17:11,14448092,0x89e51fa8ca5d66cd220baed62ed01e8951aa7c40,0xdac17f958d2ee523a2206206994597c13d831ec7,USDT,1.000000000000,502134.160000000000000000,502134.16
73,2022-03-24 17:17:11,14448092,0x9696f59e4d72e237be84ffd425dcad154bf96976,0xdac17f958d2ee523a2206206994597c13d831ec7,USDT,1.000000000000,17799990.000000000000000000,17799990.0
74,2022-03-24 17:17:11,14448092,0x6871eacd33fbcfe585009ab64f0795d7152dc5a0,0xdac17f958d2ee523a2206206994597c13d831ec7,USDT,1.000000000000,110439.234364000000000000,110439.234364
75,2022-03-24 17:16:48,14448090,0xaea80c3be04a80dcdce53e6057d19a5459543aab,0x1ab1f977601dadc01980665c0bdd0a8125f30af6,ETH,3048,123.633900000000000000,376836.1272
76,2022-03-24 17:16:48,14448090,0xc098b2a3aa256d2140208c3de6543aaef5cd3a94,0xaef19809b89da9a15a47db4fdbc5dd235d16c7a3,ETH,3048,63.998927040000000000,195068.72961792
77,2022-03-24 17:16:40,14448089,0xbc1f9f74067b76c7da463e02b552c44e091ac411,0xdac17f958d2ee523a2206206994597c13d831ec7,USDT,1.000000000000,252182.347240000000000000,252182.34724
78,2022-03-24 17:16:40,14448089,0x21087265dbd389d7dd73369768a46e1471958ae0,0xdac17f958d2ee523a2206206994597c13d831ec7,USDT,1.000000000000,119300.000000000000000000,119300.0
79,2022-03-24 17:16:40,14448089,0x8e40a16153846204140d689126c81c1fc78ffc02,0x4271ae9f96c639d695fc4d15df4da9cbeb05143f,ETH,3048,38.460000000000000000,117226.08
80,2022-03-24 17:16:17,14448088,0x6186aa058f38e3b1faf3cc30ffde33792297a4f9,0xdac17f958d2ee523a2206206994597c13d831ec7,USDT,1.000000000000,439000.000000000000000000,439000.0
81,2022-03-24 17:16:14,14448087,0x2309b4c47d635455ee0fbed886f23c1f700b2d9a,0x7ab6c736baf1dac266aab43884d82974a9adcccf,ETH,3048,110.062019336837600646,335469.034938681
82,2022-03-24 17:16:14,14448087,0x3a49bf9ce029ddb89108042cebbb0f567dba9870,0xdac17f958d2ee523a2206206994597c13d831ec7,USDT,1.000000000000,600000.000000000000000000,600000.0
83,2022-03-24 17:16:14,14448087,0x876eabf441b2ee5b5b0554fd502a8e0600950cfa,0x515c475400859e50f15b57adfa8503821fd794b9,ETH,3048,66.150511750000000024,201626.75981400002
84,2022-03-24 17:15:48,14448086,0xa3b3b57f85edc7ea6425cf22761a18dfd258fd7a,0xdac17f958d2ee523a2206206994597c13d831ec7,USDT,1.000000000000,200000.000000000000000000,200000.0
85,2022-03-24 17:15:48,14448086,0x56eddb7aa87536c09ccc2793473599fd21a8b17f,0xe0a9e14e584fb09928838edc3dcaae0d6d5e4d2b,ETH,3048,577.090117330000268846,1758970.6776218407
86,2022-03-24 17:15:48,14448086,0xeb2629a2734e272bcc07bda959863f316f4bd4cf,0xc333e80ef2dec2805f239e3f1e810612d294f771,ETH,3048,649.999097000000000026,1981197.247656
87,2022-03-24 17:15:48,14448086,0x36497b75851fc8a3aad484c34aee73c1a0f419cd,0xdac17f958d2ee523a2206206994597c13d831ec7,USDT,1.000000000000,174937.800000000000000000,174937.8
88,2022-03-24 17:15:20,14448084,0x292f04a44506c2fd49bac032e1ca148c35a478c8,0xdac17f958d2ee523a2206206994597c13d831ec7,USDT,1.000000000000,100000.000000000000000000,100000.0
89,2022-03-24 17:15:12,14448083,0x62a8a725dc461fde752ff1b079516935d89a0b34,0xdac17f958d2ee523a2206206994597c13d831ec7,USDT,1.000000000000,252421.500000000000000000,252421.5
90,2022-03-24 17:15:12,14448083,0xf2aa2259702b0eac5a488a7a70a104cfc76fb880,0xdac17f958d2ee523a2206206994597c13d831ec7,USDT,1.000000000000,2136420.690000000000000000,2136420.69
91,2022-03-24 17:15:12,14448083,0xa7b69aa4335db9f779763dbbc24c98d9c6b60d4a,0xdac17f958d2ee523a2206206994597c13d831ec7,USDT,1.000000000000,200000.000000000000000000,200000.0
92,2022-03-24 17:15:12,14448083,0x3e835631151840397ce1e655a0be057c91a3c568,0xc098b2a3aa256d2140208c3de6543aaef5cd3a94,ETH,3048,65.658130905000000046,200125.98299843998
93,2022-03-24 17:14:13,14448079,0x1bb4b494c25b9bc2260b591cf06d50db8e6cf1e9,0xdac17f958d2ee523a2206206994597c13d831ec7,USDT,1.000000000000,100000.000000000000000000,100000.0
94,2022-03-24 17:14:13,14448079,0x5e347aa9c2234ce448506d8e0034b570ee6d0c49,0xdac17f958d2ee523a2206206994597c13d831ec7,USDT,1.000000000000,500000.000000000000000000,500000.0
95,2022-03-24 17:14:13,14448079,0x616413c4a4fee2d64d9f58a56b97684c0e380b37,0x187e8e5c70457c756a5779aeb2227ef098bca776,ETH,3048,36.969696900000000002,112683.6361512
96,2022-03-24 17:14:13,14448079,0xec30d02f10353f8efc9601371f56e808751f396f,0xdac17f958d2ee523a2206206994597c13d831ec7,USDT,1.000000000000,326702.000000000000000000,326702.0
97,2022-03-24 17:14:13,14448079,0xc72ec95fb658e64f9791abdedadb3dd4373ef2ab,0xc02aaa39b223fe8d0a0e5c4f27ead9083c756cc2,ETH,3048,65.600000000000000000,199948.8
98,2022-03-24 17:14:13,14448079,0x6920e1a6e9e34929cccbbede2830a5ad96387ffe,0xdac17f958d2ee523a2206206994597c13d831ec7,USDT,1.000000000000,142950.000000000000000000,142950.0
99,2022-03-24 17:14:13,14448079,0x5d93ab62bf90835cd46c9dbf8a434e29eda832ef,0xdac17f958d2ee523a2206206994597c13d831ec7,USDT,1.000000000000,135860.000000000000000000,135860.0
100,2022-03-24 17:27:41,14448148,0x4d54e9a206dec24352a5c2440a5bdc7af3150798,0x1671a3e4a2519a653e66e827ef6eae690ee86729,ETH,3048,99.981975640000000006,304745.06175072
101,2022-03-24 17:27:24,14448146,0x3ecef08d0e2dad803847e052249bb4f8bff2d5bb,0x417b055b8fcd1ab9a7fb199e0fb610a5e1ce5e90,ETH,3048,72.980702020000000002,222445.17975696
102,2022-03-24 17:27:24,14448146,0x267be1c1d684f78cb4f6a176c4911b741e4ffdc0,0x0e94af7a715274345bccf9996f98f145d3ca1499,ETH,3048,52.000000000000000000,158496.0
103,2022-03-24 17:27:24,14448146,0x21a31ee1afc51d94c2efccaa2092ad1028285549,0xdac17f958d2ee523a2206206994597c13d831ec7,USDT,1.000000000000,17699990.000000000000000000,17699990.0
104,2022-03-24 17:27:06,14448145,0xc036301dd38c5d5de7e64bb56f70a0cc7e216013,0xdac17f958d2ee523a2206206994597c13d831ec7,USDT,1.000000000000,105200.000000000000000000,105200.0
105,2022-03-24 17:27:06,14448145,0xc098b2a3aa256d2140208c3de6543aaef5cd3a94,0xaef19809b89da9a15a47db4fdbc5dd235d16c7a3,ETH,3048,100.998884859999984266,307844.60105327994
106,2022-03-24 17:26:51,14448144,0x46705dfff24256421a05d056c29e81bdc09723b8,0xdac17f958d2ee523a2206206994597c13d831ec7,USDT,1.000000000000,158461.000000000000000000,158461.0
107,2022-03-24 17:26:42,14448143,0x89e51fa8ca5d66cd220baed62ed01e8951aa7c40,0xdac17f958d2ee523a2206206994597c13d831ec7,USDT,1.000000000000,512796.160000000000000000,512796.16
108,2022-03-24 17:26:26,14448142,0xb5d85cbf7cb3ee0d56b3bb207d5fc4b82f43f511,0xa294cca691e4c83b1fc0c8d63d9a3eef0a196de1,ETH,3048,54.244265000000000004,165336.51971999998
109,2022-03-24 17:26:13,14448139,0x41fb81197275db2105a839fce23858dabf86c73c,0xc098b2a3aa256d2140208c3de6543aaef5cd3a94,ETH,3048,63.997934545000000040,195065.70449316
110,2022-03-24 17:25:30,14448136,0x53fc6b55fdd9ec8dca5084b7a18fdf101d9ceeca,0xdac17f958d2ee523a2206206994597c13d831ec7,USDT,1.000000000000,130732.000000000000000000,130732.0
111,2022-03-24 17:25:30,14448136,0x28c6c06298d514db089934071355e5743bf21d60,0xdac17f958d2ee523a2206206994597c13d831ec7,USDT,1.000000000000,536991.066365000000000000,536991.066365
112,2022-03-24 17:25:27,14448135,0x2faf487a4414fe77e2327f0bf4ae2a264a776ad2,0xdac17f958d2ee523a2206206994597c13d831ec7,USDT,1.000000000000,1000000.000000000000000000,1000000.0
113,2022-03-24 17:25:27,14448135,0xcad621da75a66c7a8f4ff86d30a2bf981bfc8fdd,0xaef28fa72f79353b2b04dce8faa727cd04812623,ETH,3048,54.114019209999992686,164939.53055208
114,2022-03-24 17:25:10,14448133,0x848d4a9beb3b51a13aee39c4d0b590dcc867a2ae,0x5629d0f06a984dab5f062aa8bb0eab75b94e7bf6,ETH,3048,380.000000000000000000,1158240.0
115,2022-03-24 17:25:10,14448133,0x876eabf441b2ee5b5b0554fd502a8e0600950cfa,0x41fb81197275db2105a839fce23858dabf86c73c,ETH,3048,63.999118000000000000,195069.311664
116,2022-03-24 17:24:52,14448131,0x9696f59e4d72e237be84ffd425dcad154bf96976,0xa2e2e6d69af84d72fe5edd0c3564e8ef196ff67a,ETH,3048,599.998000000000268426,1828793.9040000008
117,2022-03-24 17:24:46,14448130,0x75e89d5979e4f6fba9f97c104c2f0afb3f1dcb88,0x17613966b0ec91023caeae0664d528191d970893,ETH,3048,70.052660820000000002,213520.51017936
118,2022-03-24 17:24:36,14448128,0x51c35815d0a79b901d5254ae23ecb5bc7fc83eba,0x2202cc69c407341613d6b01591ebcf9a0105d33e,ETH,3048,53.565094640000000000,163266.40846272
119,2022-03-24 17:24:36,14448128,0x51c35815d0a79b901d5254ae23ecb5bc7fc83eba,0xafe3d43461f5ff430b0a7dd121185110309c74ef,ETH,3048,99.500000000000000000,303276.0
120,2022-03-24 17:24:19,14448127,0x3a6e9baf47f9e5d525ce9dac9bd5849a285df680,0x7a250d5630b4cf539739df2c5dacb4c659f2488d,ETH,3048,50.000000000000000000,152400.0
121,2022-03-24 17:23:56,14448126,0xdc181698869064f52c189ecd3023c6c3db3ec9a8,0xf7ee936eddb9b9c384bd49363ade003232dda55f,ETH,3048,50.011597876653306260,152435.35032803926
122,2022-03-24 17:23:19,14448124,0xeb2629a2734e272bcc07bda959863f316f4bd4cf,0xe5782724e87bcd5a1f48737ff6cfeaf875ab5873,ETH,3048,149.299265000000000004,455064.15972
123,2022-03-24 17:22:41,14448119,0x0d0707963952f2fba59dd06f2b425ace40b492fe,0xdac17f958d2ee523a2206206994597c13d831ec7,USDT,1.000000000000,1499945.000000000000000000,1499945.0
124,2022-03-24 17:22:25,14448118,0xb59627c31d1e8a3e0afdce1351e9efeef3fde510,0xdac17f958d2ee523a2206206994597c13d831ec7,USDT,1.000000000000,112918.000000000000000000,112918.0
125,2022-03-24 17:22:25,14448118,0x21a31ee1afc51d94c2efccaa2092ad1028285549,0xa0869d9fd81553375eb04921f420a3684b0a9c31,ETH,3048,162.998000000000000000,496817.904
126,2022-03-24 17:22:22,14448117,0x2f10e2358594fd72c7d9e2eea137ef1222c03bd5,0xdac17f958d2ee523a2206206994597c13d831ec7,USDT,1.000000000000,2999900.000000000000000000,2999900.0
127,2022-03-24 17:22:22,14448117,0xafe3030a1459c05e25a8cd5abbc639f412883cb5,0xdac17f958d2ee523a2206206994597c13d831ec7,USDT,1.000000000000,190000.000000000000000000,190000.0
128,2022-03-24 17:22:22,14448117,0x7bf8bf27e3f300fece90eb785e4f09aba827edde,0x6dce702210bab86f8b344c04e7c56e9560dffc5e,ETH,3048,33.000000000000000000,100584.0
129,2022-03-24 17:22:19,14448116,0x70e1b384fe335222529f5e685b371ff2e658cbd7,0xefbed590d9b6ee0f341a291bbf3e45ce0f4a4dc6,ETH,3048,3000.000000000000000000,9144000.0
130,2022-03-24 17:22:19,14448116,0xc72e5c83f8dafb6e79e628c403ef8ef9474acfdc,0xdac17f958d2ee523a2206206994597c13d831ec7,USDT,1.000000000000,310000.000000000000000000,310000.0
131,2022-03-24 17:22:01,14448113,0x47d055e13d5b3cd4beaac2120e6bcf0317872c5c,0xae38e358f871aae431a74c82e53fe81e0a13deb9,ETH,3048,2751.900000000000000002,8387791.2
132,2022-03-24 17:21:41,14448112,0x189b9cbd4aff470af2c0102f365fc1823d857965,0x07a5601921806c07a7688018638e180375250dae,ETH,3048,150.000000000000000000,457200.0
133,2022-03-24 17:21:41,14448112,0x292f04a44506c2fd49bac032e1ca148c35a478c8,0xdac17f958d2ee523a2206206994597c13d831ec7,USDT,1.000000000000,1000000.000000000000000000,1000000.0
134,2022-03-24 17:21:41,14448112,0x56eddb7aa87536c09ccc2793473599fd21a8b17f,0xdac17f958d2ee523a2206206994597c13d831ec7,USDT,1.000000000000,799990.000000000000000000,799990.0
135,2022-03-24 17:20:57,14448107,0xddfabcdc4d8ffc6d5beaf154f18b778f892a0740,0xa294cca691e4c83b1fc0c8d63d9a3eef0a196de1,ETH,3048,49.891565000000000004,152069.49012
136,2022-03-24 17:20:31,14448106,0x28c6c06298d514db089934071355e5743bf21d60,0xdac17f958d2ee523a2206206994597c13d831ec7,USDT,1.000000000000,29180981.729885000000000000,29180981.729885
137,2022-03-24 17:20:31,14448106,0x59f9570d45abdf6b798718df37e28da58b6c4801,0xdac17f958d2ee523a2206206994597c13d831ec7,USDT,1.000000000000,208369.570000000000000000,208369.57
138,2022-03-24 17:20:31,14448106,0x56eddb7aa87536c09ccc2793473599fd21a8b17f,0xdac17f958d2ee523a2206206994597c13d831ec7,USDT,1.000000000000,17699990.000000000000000000,17699990.0
139,2022-03-24 17:20:31,14448106,0x2faf487a4414fe77e2327f0bf4ae2a264a776ad2,0xdac17f958d2ee523a2206206994597c13d831ec7,USDT,1.000000000000,1101468.790000000000000000,1101468.79
140,2022-03-24 17:20:31,14448106,0x28c6c06298d514db089934071355e5743bf21d60,0x9696f59e4d72e237be84ffd425dcad154bf96976,ETH,3048,16688.883042580000088240,50867715.51378384
141,2022-03-24 17:20:31,14448106,0xc0f12147ec02d773d1b4efcf1aff68776a3668cb,0xdac17f958d2ee523a2206206994597c13d831ec7,USDT,1.000000000000,250000.000000000000000000,250000.0
142,2022-03-24 17:20:12,14448104,0x5770815b0c2a09a43c9e5aecb7e2f3886075b605,0xdac17f958d2ee523a2206206994597c13d831ec7,USDT,1.000000000000,465000.000000000000000000,465000.0
143,2022-03-24 17:20:12,14448104,0xc333e80ef2dec2805f239e3f1e810612d294f771,0xdac17f958d2ee523a2206206994597c13d831ec7,USDT,1.000000000000,1000000.000000000000000000,1000000.0
144,2022-03-24 17:20:04,14448103,0xaad5ae975e15fde11cb508866d836d3a278d34d3,0xdac17f958d2ee523a2206206994597c13d831ec7,USDT,1.000000000000,880169.510000000000000000,880169.51
145,2022-03-24 17:20:04,14448103,0x4271ae9f96c639d695fc4d15df4da9cbeb05143f,0xeb2629a2734e272bcc07bda959863f316f4bd4cf,ETH,3048,38.458887000000018426,117222.68757600005
146,2022-03-24 17:20:04,14448103,0x32d4703e5834f1b474b17dfdb0ac32cc22575145,0x6262998ced04146fa42253a5c0af90ca02dfd2a3,ETH,3048,360.004833503982382828,1097294.7325201384
147,2022-03-24 17:19:23,14448102,0x7f9fac01102da61ef9b2a5ec49512e6277fa0896,0x68b3465833fb72a70ecdf485e0e4c7bd8665fc45,ETH,3048,345.800000000000000000,1053998.4000000001
148,2022-03-24 17:19:23,14448102,0xad895b3b52d0b23161d51204eef6c107032703d6,0xdac17f958d2ee523a2206206994597c13d831ec7,USDT,1.000000000000,280000.000000000000000000,280000.0
149,2022-03-24 17:19:23,14448102,0xf9d8e533dab391bdcf0c77af55deb1e6920135c6,0xdac17f958d2ee523a2206206994597c13d831ec7,USDT,1.000000000000,211500.000000000000000000,211500.0
150,2022-03-24 17:19:09,14448101,0xd16a39729d7923da895ac88e16119f5207cb883b,0xc098b2a3aa256d2140208c3de6543aaef5cd3a94,ETH,3048,45.033598002421736404,137262.40671138145
151,2022-03-24 17:19:09,14448101,0xb14fc1a0dbfebf376fd4f99ae0e47e4cc11fe7fb,0xc098b2a3aa256d2140208c3de6543aaef5cd3a94,ETH,3048,39.286522565000000064,119745.32077811999
152,2022-03-24 17:19:05,14448100,0xde2805e66733deb489470206c8eee14d64309268,0xdac17f958d2ee523a2206206994597c13d831ec7,USDT,1.000000000000,541795.660000000000000000,541795.66
153,2022-03-24 17:19:05,14448100,0x2c7474087fe39bc7d47b5692eaa5489770008d11,0xdac17f958d2ee523a2206206994597c13d831ec7,USDT,1.000000000000,1000000.000000000000000000,1000000.0
154,2022-03-24 17:19:05,14448100,0x2ffb62f07980381f8f2cea8775ea32b882398fde,0xc098b2a3aa256d2140208c3de6543aaef5cd3a94,ETH,3048,229.999392975902966060,701038.1497905522
155,2022-03-24 17:19:05,14448100,0xd0e1a8422d3ea422110076eec96360cd6b162500,0xdac17f958d2ee523a2206206994597c13d831ec7,USDT,1.000000000000,167000.000000000000000000,167000.0
156,2022-03-24 17:19:05,14448100,0x053dd3c758a70e31323bce29991d6487784768b6,0xdac17f958d2ee523a2206206994597c13d831ec7,USDT,1.000000000000,200050.000000000000000000,200050.0
157,2022-03-24 17:19:05,14448100,0x534a0076fb7c2b1f83fa21497429ad7ad3bd7587,0xb47e3cd837ddf8e4c57f05d70ab865de6e193bbb,ETH,3048,81.950000000000000000,249783.6
158,2022-03-24 17:19:05,14448100,0x37db378bce7aa1ac914c75e24571c41ef23603ad,0xdac17f958d2ee523a2206206994597c13d831ec7,USDT,1.000000000000,110000.000000000000000000,110000.0
159,2022-03-24 17:18:37,14448097,0xb87f5110f19a42058908343ee10e5337a2b11187,0x8301ae4fc9c624d1d396cbdaa1ed877821d7c511,ETH,3048,350.000000000000000000,1066800.0
160,2022-03-24 17:18:37,14448097,0x0ecd0598b05b443e19ee32d0b41b77d25b8bee94,0xdac17f958d2ee523a2206206994597c13d831ec7,USDT,1.000000000000,1101468.790000000000000000,1101468.79
161,2022-03-24 17:18:37,14448097,0xce6900a148a38fc06ab7ff863cb3ba9ea784ea2c,0xdac17f958d2ee523a2206206994597c13d831ec7,USDT,1.000000000000,335305.000000000000000000,335305.0
162,2022-03-24 17:18:37,14448097,0x515c475400859e50f15b57adfa8503821fd794b9,0x1111111254fb6c44bac0bed2854e76f90643097d,ETH,3048,66.240000000000000000,201899.52
163,2022-03-24 17:18:27,14448096,0x817864ea6fcfe77477550aba90f2510dd77d7539,0xdac17f958d2ee523a2206206994597c13d831ec7,USDT,1.000000000000,272995.000000000000000000,272995.0
164,2022-03-24 17:18:27,14448096,0xfd762dbea2c99704bdac1c92ad7c0c6fbb61cd8c,0xdac17f958d2ee523a2206206994597c13d831ec7,USDT,1.000000000000,2000000.000000000000000000,2000000.0
165,2022-03-24 17:18:18,14448095,0xa69262ae9ae86f1eebdb63de3d639c37ac4bdb30,0xdac17f958d2ee523a2206206994597c13d831ec7,USDT,1.000000000000,500000.000000000000000000,500000.0
166,2022-03-24 17:18:18,14448095,0x20b185c31472980c74baabf24ba999c61598f055,0x9660a85b4c70fec00071dd2cf28b2220d79ffa28,ETH,3048,872.628846543159466000,2659772.7242635502
167,2022-03-24 17:18:03,14448094,0xba4cd55471ff7254042d88bc2a3ee740def0a5cd,0xb14fc1a0dbfebf376fd4f99ae0e47e4cc11fe7fb,ETH,3048,39.288030890000000006,119749.91815272
168,2022-03-24 17:18:03,14448094,0x1ea88cc38f1a09dc5869df45c4ad5eaef314c034,0xd16a39729d7923da895ac88e16119f5207cb883b,ETH,3048,45.035106327421736446,137267.00408598146
169,2022-03-24 17:18:03,14448094,0x270d6ca14b8e5c76f0d5f231966879e2bd6f9e4b,0x7f9fac01102da61ef9b2a5ec49512e6277fa0896,ETH,3048,143.000000000000000000,435864.0
170,2022-03-24 17:18:03,14448094,0xb2884ae46d0ff750f29a43b6a7ba596b3ce8a827,0xdac17f958d2ee523a2206206994597c13d831ec7,USDT,1.000000000000,396945.000000000000000000,396945.0
171,2022-03-24 17:17:55,14448093,0x3a49bf9ce029ddb89108042cebbb0f567dba9870,0xdac17f958d2ee523a2206206994597c13d831ec7,USDT,1.000000000000,890000.000000000000000000,890000.0
172,2022-03-24 17:17:11,14448092,0x89e51fa8ca5d66cd220baed62ed01e8951aa7c40,0xdac17f958d2ee523a2206206994597c13d831ec7,USDT,1.000000000000,502134.160000000000000000,502134.16
173,2022-03-24 17:17:11,14448092,0x9696f59e4d72e237be84ffd425dcad154bf96976,0xdac17f958d2ee523a2206206994597c13d831ec7,USDT,1.000000000000,17799990.000000000000000000,17799990.0
174,2022-03-24 17:17:11,14448092,0x6871eacd33fbcfe585009ab64f0795d7152dc5a0,0xdac17f958d2ee523a2206206994597c13d831ec7,USDT,1.000000000000,110439.234364000000000000,110439.234364
175,2022-03-24 17:16:48,14448090,0xaea80c3be04a80dcdce53e6057d19a5459543aab,0x1ab1f977601dadc01980665c0bdd0a8125f30af6,ETH,3048,123.633900000000000000,376836.1272
176,2022-03-24 17:16:48,14448090,0xc098b2a3aa256d2140208c3de6543aaef5cd3a94,0xaef19809b89da9a15a47db4fdbc5dd235d16c7a3,ETH,3048,63.998927040000000000,195068.72961792
177,2022-03-24 17:16:40,14448089,0xbc1f9f74067b76c7da463e02b552c44e091ac411,0xdac17f958d2ee523a2206206994597c13d831ec7,USDT,1.000000000000,252182.347240000000000000,252182.34724
178,2022-03-24 17:16:40,14448089,0x21087265dbd389d7dd73369768a46e1471958ae0,0xdac17f958d2ee523a2206206994597c13d831ec7,USDT,1.000000000000,119300.000000000000000000,119300.0
179,2022-03-24 17:16:40,14448089,0x8e40a16153846204140d689126c81c1fc78ffc02,0x4271ae9f96c639d695fc4d15df4da9cbeb05143f,ETH,3048,38.460000000000000000,117226.08
180,2022-03-24 17:16:17,14448088,0x6186aa058f38e3b1faf3cc30ffde33792297a4f9,0xdac17f958d2ee523a2206206994597c13d831ec7,USDT,1.000000000000,439000.000000000000000000,439000.0
181,2022-03-24 17:16:14,14448087,0x2309b4c47d635455ee0fbed886f23c1f700b2d9a,0x7ab6c736baf1dac266aab43884d82974a9adcccf,ETH,3048,110.062019336837600646,335469.034938681
182,2022-03-24 17:16:14,14448087,0x3a49bf9ce029ddb89108042cebbb0f567dba9870,0xdac17f958d2ee523a2206206994597c13d831ec7,USDT,1.000000000000,600000.000000000000000000,600000.0
183,2022-03-24 17:16:14,14448087,0x876eabf441b2ee5b5b0554fd502a8e0600950cfa,0x515c475400859e50f15b57adfa8503821fd794b9,ETH,3048,66.150511750000000024,201626.75981400002
184,2022-03-24 17:15:48,14448086,0xa3b3b57f85edc7ea6425cf22761a18dfd258fd7a,0xdac17f958d2ee523a2206206994597c13d831ec7,USDT,1.000000000000,200000.000000000000000000,200000.0
185,2022-03-24 17:15:48,14448086,0x56eddb7aa87536c09ccc2793473599fd21a8b17f,0xe0a9e14e584fb09928838edc3dcaae0d6d5e4d2b,ETH,3048,577.090117330000268846,1758970.6776218407
186,2022-03-24 17:15:48,14448086,0xeb2629a2734e272bcc07bda959863f316f4bd4cf,0xc333e80ef2dec2805f239e3f1e810612d294f771,ETH,3048,649.999097000000000026,1981197.247656
187,2022-03-24 17:15:48,14448086,0x36497b75851fc8a3aad484c34aee73c1a0f419cd,0xdac17f958d2ee523a2206206994597c13d831ec7,USDT,1.000000000000,174937.800000000000000000,174937.8
188,2022-03-24 17:15:20,14448084,0x292f04a44506c2fd49bac032e1ca148c35a478c8,0xdac17f958d2ee523a2206206994597c13d831ec7,USDT,1.000000000000,100000.000000000000000000,100000.0
189,2022-03-24 17:15:12,14448083,0x62a8a725dc461fde752ff1b079516935d89a0b34,0xdac17f958d2ee523a2206206994597c13d831ec7,USDT,1.000000000000,252421.500000000000000000,252421.5
190,2022-03-24 17:15:12,14448083,0xf2aa2259702b0eac5a488a7a70a104cfc76fb880,0xdac17f958d2ee523a2206206994597c13d831ec7,USDT,1.000000000000,2136420.690000000000000000,2136420.69
191,2022-03-24 17:15:12,14448083,0xa7b69aa4335db9f779763dbbc24c98d9c6b60d4a,0xdac17f958d2ee523a2206206994597c13d831ec7,USDT,1.000000000000,200000.000000000000000000,200000.0
192,2022-03-24 17:15:12,14448083,0x3e835631151840397ce1e655a0be057c91a3c568,0xc098b2a3aa256d2140208c3de6543aaef5cd3a94,ETH,3048,65.658130905000000046,200125.98299843998
193,2022-03-24 17:14:13,14448079,0x1bb4b494c25b9bc2260b591cf06d50db8e6cf1e9,0xdac17f958d2ee523a2206206994597c13d831ec7,USDT,1.000000000000,100000.000000000000000000,100000.0
194,2022-03-24 17:14:13,14448079,0x5e347aa9c2234ce448506d8e0034b570ee6d0c49,0xdac17f958d2ee523a2206206994597c13d831ec7,USDT,1.000000000000,500000.000000000000000000,500000.0
195,2022-03-24 17:14:13,14448079,0x616413c4a4fee2d64d9f58a56b97684c0e380b37,0x187e8e5c70457c756a5779aeb2227ef098bca776,ETH,3048,36.969696900000000002,112683.6361512
196,2022-03-24 17:14:13,14448079,0xec30d02f10353f8efc9601371f56e808751f396f,0xdac17f958d2ee523a2206206994597c13d831ec7,USDT,1.000000000000,326702.000000000000000000,326702.0
197,2022-03-24 17:14:13,14448079,0xc72ec95fb658e64f9791abdedadb3dd4373ef2ab,0xc02aaa39b223fe8d0a0e5c4f27ead9083c756cc2,ETH,3048,65.600000000000000000,199948.8
198,2022-03-24 17:14:13,14448079,0x6920e1a6e9e34929cccbbede2830a5ad96387ffe,0xdac17f958d2ee523a2206206994597c13d831ec7,USDT,1.000000000000,142950.000000000000000000,142950.0
199,2022-03-24 17:14:13,14448079,0x5d93ab62bf90835cd46c9dbf8a434e29eda832ef,0xdac17f958d2ee523a2206206994597c13d831ec7,USDT,1.000000000000,135860.000000000000000000,135860.0
