排名,地址,余额,交易总数,最新转账余额,最新转账时间
201,1AXskHt4ZwVZLonZV8BMDxh4V65ec41KMJ,8000.00003829,60,0.00000547,2021-05-30 21:52:54
202,1JnfbQerGjFHVq28945y1bhoUHpn6vKM9v,8000.00003829,61,0.00000547,2021-05-30 21:52:54
203,12dmPGKq4iK1o1o77YV3Urjj4tcRTmu6an,8000.00000000,30,5000.00000000,2022-03-10 01:43:31
204,1BcAtWddaU1jHWgQvM7dpM5SefoVgUHEuC,7997.50183906,58,0.00000547,2021-05-30 21:52:54
205,1GcPTDtNXuPghJU5qSGvkPQ99nhWrbQaYR,7960.35375431,61,0.00000547,2021-05-30 21:52:54
206,14ACC7ftHQS6guKJi3FCTEyCw94dHnRZjJ,7953.96488528,59,0.00000547,2021-05-30 21:52:54
207,1BAuq7Vho2CEkVkUxbfU26LhwQjbCmWQkD,7952.00000000,2,7951.00000000,2022-01-29 18:17:55
208,1CsAkAsjTTRAuRw39fRQj7pxKn3fjEuYsT,7950.74301047,67,0.00000547,2021-06-12 17:57:22
209,15Z5YJaaNSxeynvr6uW6jQZLwq3n1Hu6RX,7941.06426123,108,0.00001218,2021-08-02 03:14:31
210,13TM7PLtf1Ujo9t9pk9RSyrv1ts119PNK5,7940.14769119,59,0.00000547,2021-05-30 21:52:54
211,1GBzbXJmcMjnDyTW2yKJFfeXUGicG1zpC4,7929.89395346,64,0.00000547,2021-05-30 21:52:54
212,19yLTkx4jggSnjdiGkkhNwTjZUyY5T8kEA,7894.21795911,62,0.00000547,2021-05-30 21:52:54
213,34ovCavdkQgEYbrJk9Q1onhK7uWqq6J7DC,7876.18010350,116,80.00000000,2021-10-23 06:28:29
214,1GaSQcWg3R98qf5sTWetwjjMh6ehxj25Gp,7866.29605875,60,0.00000547,2021-05-30 21:52:54
215,13AiVabLoTcYTdaFcFYtpFFmCFagjiUwE2,7866.16904508,60,0.00000547,2021-05-30 21:52:54
216,12T7nyMrAnd13UAMYCCJZ8Fw7PpMGPRFsi,7861.99350757,65,0.00000547,2021-05-30 21:52:54
217,1LjUYdf8mQk9DsrVvuPYeHyJKQq5V1MLsT,7819.63475616,68,0.00000547,2021-05-30 21:52:54
218,1MH8s3qc4F2GZNod1R43qeysSB2ssZCXb,7811.71064674,60,0.00000547,2021-05-30 21:52:54
219,1KHw7yzqoWto1DCGqn7QihoLmzbYWCqNcR,7809.26104134,22,0.00000550,2021-09-10 05:28:47
220,1B4U28Yc1JmSQbpzzSfavEskTPMvBRphyD,7743.19330080,55,661.60152815,2022-03-11 09:36:49
221,1K8QG4fuswaWFZ2fmmuxVKaWibi9H95iGw,7743.19330080,77,1440.32761488,2022-03-11 09:36:49
222,14vbdGfYS7UKMvc4334UZDvTMPFA2G7zCB,7743.19330080,66,1440.32761488,2022-03-11 09:36:49
223,1M8CeRgarEM8nLRSpYbx6VMBU63k3S8m9P,7724.70418587,1,7724.70418587,2022-03-10 06:22:42
224,3HCdgNiAsjidcGx4eeMK9AXvXBfrnteunW,7699.99879638,27,0.00000550,2021-09-10 05:28:47
225,33eU1zeB2S4x3p4ccSsnAChXcGJgtMrMtZ,7546.55921451,23,15.75117280,2021-12-20 02:02:18
226,bc1qk2q9ptkvfrtt3769hh85zvq88jyrulk6zgys2h,7500.19837696,4,0.00000550,2021-09-10 05:28:47
227,18SN8PV997oDGtYmTPPD55GDaPtNNEGWeu,7418.70703659,116,-100.00200000,2022-03-11 09:09:14
228,19VTgHTWhM8xi32mDuCLR3kAgamRMahTu5,7384.18579459,31,304.00564450,2022-03-08 18:53:13
229,1DwSAnZw4Gk9FotgWZhRb3Nzqi4PLdU8M,7334.17710956,82,1031.31142364,2022-03-11 09:36:49
230,1JfXLzQvYPZHNzX4vhH6aoetGDfcPD1YEX,7300.00303048,24,0.00000550,2021-09-10 05:28:47
231,1BR9XwFrn1Su1EiJ6RTs5nsAxKd5JfyNJN,7296.69567500,4,14.92869500,2022-03-14 23:11:23
232,bc1qms2la25qtgh69e7v8eddhsz3gwlfzucwh6v0zvwk8ku36r3mczxq4zlfd5,7290.50738500,2,-60.00006512,2022-03-02 19:52:09
233,bc1qv9ukpugdg86zstx8gzckcqtzjs6quypr3ksm4t,7271.26361093,11,291.00000000,2021-12-29 19:27:32
234,18i8D9BACP5Wkha3UtUdr65uirSKJyT14N,7270.92407444,289,0.00015305,2022-03-14 23:14:11
235,13eEt6myAo1zAC7o7RK5sVxxCNCAgd6ApH,7000.13726196,22,0.00000550,2021-09-10 05:28:47
236,1DzjE3ANaKLasY2n6e5ToJ4CQCXrvDvwsf,7000.00402120,42,0.00100000,2021-07-27 16:37:36
237,15YMdTNT83UJqfpaZfDccy9yBYQFxHxVFt,7000.00013667,24,0.00000550,2021-09-10 05:28:47
238,324rP14bzX8kW1JWt1J8ohZjDFyt2G68Kq,6999.98585224,24,0.00000550,2021-09-10 05:28:47
239,1FJuzzQFVMbiMGw6JtcXefdD64amy7mSCF,6999.00204267,32,0.00000547,2021-05-30 21:52:54
240,38C7LhtsbanuGUxeXguEvm2Gm2pSN2K175,6990.00981652,1,6990.00981652,2021-12-22 22:43:15
241,1Ac6fUJ2Uw4cdXu3YFjCsSqnQGRb7KW1Ec,6988.99204514,1,6988.99204514,2021-10-12 21:58:10
242,bc1qn878vf8699p32y3ehq2wwaq876uu7yye5m5ahc,7288.30344356,862,299.99998000,2022-03-15 14:53:38
243,3E2adcep2NRRpriLnWn1AvW3AHKqBx2mMr,6980.21180434,7461,41.49950000,2022-03-15 09:20:05
244,186XqVoL7TGxR3osoo4xn32wbYtb527raY,6976.72086397,3,0.00000550,2021-09-10 05:28:47
245,bc1qhm45cy7psm88yhu3564v7mchzxqzdx0hr5vk39,6923.21115499,6712,-226.43292962,2022-03-15 04:08:00
246,bc1qzxwdcxqj36ane625hkgjpg6p0pjg79u29qyrus,6901.00002359,27,0.00001809,2022-01-29 21:38:24
247,1Ac2JdpQ5c9NeSajdGx6dofxeXkn4S35ft,6877.72090403,27,0.00000550,2021-09-10 05:28:47
248,19GEVekmu7wAgPFNcQNFHE7SYoj2snindR,6785.00025000,24,100.00000000,2022-02-11 01:18:59
249,bc1qxseuqx06djpmyumvwn02lx3q082mmnj6r0g6zxc28rkypsevpfqs8vz7lr,6730.56595631,1,6730.56595631,2022-02-08 11:12:17
250,35h49kvohPx5Pmtpt26P8o3KuSczsFLo23,6728.95894757,4767,40.59999115,2022-03-15 09:37:27
251,bc1qlzjyv64my444uuqd4w6d4zt4kq4msyeyz37hvv,6719.68440722,1,6719.68440722,2022-03-15 00:47:41
252,3EKWP3ZviLXudcoAfzammYQKwaz2zJKwQW,6520.97281531,1064,-185.00009274,2022-03-15 14:53:38
253,1LVBnipcnkwqHKaXcHeV9gcbPMvByaJkqk,6522.40843402,20,0.00000550,2021-09-10 05:28:47
254,1AYLzYN7SGu5FQLBTADBzqKm4b6Udt6Bw6,6511.96162281,28,0.00000666,2021-11-09 21:40:33
255,1NpZcfBnaJeoRT9ZqwZVRMw3SRs546VsuE,6507.23333047,193,0.00002020,2022-02-17 17:44:25
256,356Zz26iW3tYd1xWJjVGa8CPbjC9W5EW9f,6499.56195799,18,-0.20010000,2021-07-23 03:33:44
257,bc1q8usjtaxjazfulcf25lxptktlazk3hwykm08xtv,6472.75384622,2,0.00000550,2021-09-10 05:28:47
258,1JxmKkNK1b3p7r8DDPtnNmGeLZDcgPadJb,6315.90561582,30,0.00005000,2022-01-08 13:44:30
259,1JFUG5K3HidvfJD4R7nKyDJikmFpPcBB2,6303.81056698,126,24.75252251,2021-12-22 09:48:09
260,1FZcb6BU1ZbHQJcby7vDF2Na1z9UmkGSSG,6303.81056698,119,31.51905283,2021-12-22 09:48:09
261,1M14kQL3zfyEAHx6JCM3gsZyAxyiSDMWdp,6302.86568592,119,31.51432842,2021-12-06 23:57:34
262,1JECFWTZsRw65y65DEVR2djXv2KMYfuo7A,6302.86568592,81,4.48384040,2021-12-06 23:47:28
263,1361wC48gW19mKAJmAkdXScLZKYdXgViS9,6302.86568592,125,31.51432842,2021-12-06 23:57:34
264,1JKDzFHcb6KBybKSquvMw1FrxXhvBdMiB5,6302.86568592,78,4.48384040,2021-12-06 23:47:28
265,19RtRzXV5px91eMbWZFCWLZRUeQX5XxxnJ,6302.86568592,124,31.51432842,2021-12-06 23:57:34
266,1Mt6STNGoHGuDziUSCagqTGNGrbDFSBxRn,6302.86568592,126,31.51432842,2021-12-06 23:47:28
267,1C1sUtw6fYa1Yr5wexrH2ayT1ZykD9Sobx,6298.00112724,116,31.49000563,2021-12-22 10:40:13
268,1LBBmkr9muf7RjjBbzQQvzNQpRRaVEnavs,6200.00174155,30,0.00000550,2021-09-10 05:28:47
269,3QsGsAXQ4rqRNvh5pEW55hf3F9PEyb7rVq,6152.79981696,13125,5.88139116,2022-03-15 08:49:36
270,3JsY8m7nG2K2siHXzqto612u36hAzF7C6X,6096.59845157,33,-0.01507980,2021-12-28 03:43:41
271,1JdTWTAubsDWXWd7wcsFwMuSapMBh6efrQ,6071.50053271,34,0.00001799,2021-10-11 04:54:55
272,3A9qNS69dngSU2ak8BwZKEExeVnL2RqpYJ,6025.01000547,25,700.00000000,2022-01-25 15:48:38
273,3JPauiFhP4K3AevmgNMFfMSN7pLZbuADJQ,6001.00017654,35,0.00000547,2021-06-22 13:21:13
274,1J3B2ucUpWjWPPpejUCoLN93Gwz3q65CTd,6000.00059852,17,0.00000550,2021-09-10 05:28:47
275,138EMxwMtKuvCEUtm4qUfT2x344TSReyiT,5907.56300799,25,0.00000550,2021-09-10 05:28:47
276,1DykGibvMN7BaJbEk4Q1DwjEypB1n7RCjx,5878.22854452,3,21.15543026,2022-03-01 12:16:29
277,19pnUzv5KHALEu3DRpyHogT6N3BeHbqJrS,5730.38949922,101,65.00000000,2021-12-30 06:17:22
278,13n67sFKgqLDKp8gx8Xvm6scdfY4ZeaU8p,5700.08284684,44,0.00000547,2021-05-02 03:12:03
279,1JtAupan5MSPXxSsWFiwA79bY9LD2Ga1je,5685.23365805,6,-0.00002315,2022-02-23 13:54:25
280,3R2Hzkp1vKi5TNuLdUTiQphJQA6SKLa7zS,5650.32831937,11,0.00000550,2021-09-10 05:28:47
281,18oP9DDaxKrC3XTMC2kZK1wLDGwUcky2oR,5635.07689830,108,1.35215129,2022-03-14 22:38:15
282,1JehwyndFWmo4Q4DYRoATM32Dq18SpQycB,5614.09398696,43,386.00003860,2022-01-15 15:24:51
283,3QXC3auVUqfxPY4w8FU4aocMBqFhXYpaCD,5608.10600000,279,501.00000000,2022-03-10 05:50:50
284,1DR93bfKVCUJkDvPuxbUAEtzYRaJEnwjNt,5599.99956869,25,0.00000550,2021-09-10 05:28:47
285,1CCqLR8YrUMPFgYZWwLW8FkezbFjfeXD8n,5595.32257862,22,0.00000550,2021-09-10 05:28:47
286,bc1qrj8jwwea530rx00ldc22w8mnaclae4m54e6tgy,5581.77989675,61,-0.10007396,2022-03-11 21:38:04
287,3GZk1i1x394mhq47QQAcE5kBxVhnDKGk47,5510.55367640,1,5510.55367640,2022-03-14 22:38:41
288,bc1quv866t7ke929gxttpgc2u30ffnczpgfrjugwxv,5500.00003285,9,0.00000550,2021-09-10 05:28:47
289,3ANziRvoBdNGkmGopgyhvzPuBvcL8sRL7S,5492.96161219,15,-0.69981074,2022-02-02 07:33:38
290,bc1q4jchcr7nla277su5lpjzttxp3xg5j8wds5lcwg,5452.26339185,4180,-32.00003585,2022-03-15 03:10:33
291,bc1q8z3tnkvh4s0mjmrrt4gyptakq77m66lqmmrqtw,5445.73356279,793,3.22770902,2022-03-15 06:16:44
292,12Eqo4vhJUqHhnUYb3vSm9Kq4Eo1GCb5kC,5393.95990482,21,170.99129748,2022-01-29 04:45:31
293,bc1qg5uwrqxs4pugdqruyk2jujvqykhjvkj4t672uqcleqerr49st5dsp6tpnt,5365.68458964,1,5365.68458964,2021-10-21 05:21:27
294,18EHwGnuixJF1FsVtRfgPDQ7uPCTAX4rWS,5326.90284546,34,0.53000000,2022-03-08 07:28:53
295,3HroDXv8hmzKRtaSfBffRgedKpru8fgy6M,5285.36229704,157,-100.00019561,2021-06-29 07:09:01
296,3H3b3kxRwoKDnJbdV2JdhJ5h7iPsHgFN4B,5255.78322064,2,0.00000550,2021-09-10 05:28:47
297,34Knfd3NYNomfaCTzMbL5mAcYHuMFwWP7Y,5240.66228528,4,1537.38924789,2021-10-29 21:31:11
298,1DJBriyDMUJhpDezeyxmKJrZiUMbpBCddP,5226.93528625,7,0.00010170,2021-10-05 15:57:35
299,19tiUa9nsPTgaqWNHaM9QyCfv4Wm9dVeYa,5224.78503403,83,0.00000911,2022-03-06 01:57:51
300,1BVtDi7txPCG2TH5Crd2Rw5MtpivbmoKgB,5185.72975146,22,0.00000550,2021-09-10 05:28:47
